a,a,a,a,a
1,1980-03-04,3801.3,133,1
2,2017-02-18,-10257.57,111,2
3,2003-04-18,-16397.95,56,3
4,1977-09-26,8766.87,321,4
5,2008-07-02,24916.5,48,5
6,1980-10-10,32626.57,93,6
7,2002-11-26,30723.6,455,7
8,2006-05-21,17464.28,14,8
9,2008-01-28,-14920.82,148,9
10,1977-05-06,6526.95,365,10
11,1980-11-11,-31649.9,135,11
12,2000-09-26,19075,277,12
13,1989-08-12,28811.68,239,13
14,1981-09-26,-9299.96,245,14
15,1993-05-22,4314.16,343,15
16,2004-04-10,-23041.6,355,16
17,1993-12-01,-22846.71,495,17
18,1990-07-17,-15131.41,26,18
19,1989-10-01,-15327.1,429,19
20,1976-01-10,-16911.97,60,20
21,1995-05-11,1293.79,176,21
22,1981-02-10,22138.15,426,22
23,1974-12-03,9347.79,222,23
24,2000-01-03,-9110.2,313,24
25,2017-08-21,31913.11,53,25
26,2013-05-25,-9534.28,288,26
27,1975-10-11,24788.43,265,27
28,1972-08-07,-7759.32,199,28
29,1992-10-05,6274.18,243,29
30,1998-07-15,-6466.46,344,30
31,1975-01-21,-24822.6,230,31
32,1996-11-23,28758.37,416,32
33,1970-06-27,20425.81,313,33
34,2015-01-04,13476.51,165,34
35,2005-09-05,-30787.59,357,35
36,1991-03-01,-13298.4,101,36
37,2007-08-26,-6821.29,440,37
38,1997-08-04,25384.21,500,38
39,1995-03-08,16290.89,408,39
40,2002-03-13,10147.8,351,40
41,2007-03-03,17333.11,62,41
42,1987-05-18,27627.46,138,42
43,1999-07-12,-19749.71,340,43
44,2005-09-16,11373.39,346,44
45,2012-06-15,17607.32,150,45
46,2010-01-08,-18252.43,310,46
47,2015-09-27,-31974.19,366,47
48,1972-06-25,26212.68,456,48
49,2002-02-20,2775.4,237,49
50,1997-04-07,25879.41,56,50
51,1975-07-10,18211.62,200,51
52,2017-09-03,11129.69,299,52
53,2000-06-10,15691.89,200,53
54,1977-08-21,12020.88,285,54
55,1988-10-11,-24471.33,74,55
56,1998-05-10,-11396.57,37,56
57,1980-04-19,25709.33,456,57
58,1984-09-07,21264.16,248,58
59,1986-10-01,-6684.38,124,59
60,1973-06-21,1170.69,178,60
61,1996-11-26,2857.8,394,61
62,1985-04-14,-8970.33,268,62
63,2016-06-23,20607.4,484,63
64,2000-01-27,-6768.64,322,64
65,1984-05-28,14345.33,176,65
66,1987-01-08,4896.87,382,66
67,2011-05-07,-17827.48,389,67
68,1970-06-10,120.52,277,68
69,1984-03-22,22894.64,227,69
70,1980-09-16,9627.49,381,70
71,2014-09-19,-16858.6,473,71
72,1968-11-13,-16027.43,440,72
73,1979-11-02,272.35,73,73
74,2007-12-28,-20088.57,396,74
75,1987-05-21,25727.95,210,75
76,1987-10-21,-12975.15,453,76
77,1979-04-01,2744.34,342,77
78,2007-03-05,7000.16,383,78
79,1976-09-23,26328.55,269,79
80,1975-03-25,-29435.54,58,80
81,1976-04-24,2620.57,239,81
82,2017-09-18,-11178.91,422,82
83,1984-12-27,-19500.45,214,83
84,1983-06-21,-24321.12,402,84
85,1969-01-01,7356.43,134,85
86,1973-11-02,17686.82,114,86
87,2015-10-16,-15136.86,440,87
88,2002-11-13,19083.98,128,88
89,1977-09-28,-31004.41,173,89
90,2000-05-13,-4141.2,373,90
91,2017-03-20,-31831.68,315,91
92,1997-04-06,-28408.26,475,92
93,1970-05-07,-23489.19,472,93
94,1982-06-23,18768.39,271,94
95,1971-08-24,-23114.35,14,95
96,1972-10-06,3785.72,110,96
97,2016-04-26,10640.9,369,97
98,2013-10-09,29151.49,221,98
99,1998-04-24,-24164.65,43,99
100,1993-12-28,30567.8,348,100
101,1977-12-06,26149.98,259,101
102,2006-07-23,-19875.27,247,102
103,1995-05-13,10082.13,304,103
104,2009-04-01,19767,407,104
105,1986-12-16,22864.22,382,105
106,2003-10-19,-14460.16,153,106
107,1994-07-11,21737.76,453,107
108,2001-07-12,-19936.68,227,108
109,1984-11-01,32725.41,469,109
110,1990-03-21,-8271.77,399,110
111,1981-09-28,-17513.96,307,111
112,1998-07-04,29916.84,125,112
113,1968-09-13,-9060.91,23,113
114,1998-07-03,12074.59,197,114
115,1972-07-22,-6962.61,375,115
116,1986-07-13,-11838.75,272,116
117,2006-03-13,-13783.64,283,117
118,2010-09-03,-29114.77,79,118
119,1984-12-28,-22997.5,255,119
120,1993-10-16,962.53,157,120
121,2017-08-13,-19372.48,91,121
122,1987-07-02,-1519.96,337,122
123,2005-09-11,29886.95,139,123
124,1980-03-10,28699.69,470,124
125,1989-11-21,20930.4,203,125
126,2010-10-11,7662,26,126
127,1985-01-02,11791.84,315,127
128,1968-03-15,-17528.7,266,128
129,2001-02-01,23128.47,26,129
130,2000-08-12,-25399.57,339,130
131,1969-10-15,11454.13,164,131
132,1997-12-15,-19544.23,248,132
133,1991-09-11,-7490.28,221,133
134,1995-08-15,1560.61,154,134
135,2009-03-24,3314.31,157,135
136,1986-03-05,-7056.92,269,136
137,1995-06-05,-1902.23,367,137
138,1993-02-09,-1361.15,283,138
139,1992-03-10,26011.32,32,139
140,2014-01-19,12953.83,30,140
141,2003-11-08,30103.98,289,141
142,2014-05-03,31241.8,339,142
143,2012-02-21,-32592.94,145,143
144,1987-02-17,-25887.35,472,144
145,1976-06-08,-30281.66,294,145
146,2008-02-14,-29681.84,351,146
147,1993-06-16,-14446.81,38,147
148,1971-01-17,-11976.48,210,148
149,1986-04-09,12053.17,477,149
150,1994-11-24,12727.5,126,150
151,1983-04-25,-21103.53,167,151
152,1982-10-23,25154.15,50,152
153,1974-09-28,-16662.22,314,153
154,2001-12-07,16813.4,282,154
155,1995-04-07,9352.53,491,155
156,2013-05-22,-24208.69,279,156
157,1985-02-14,-18596.34,106,157
158,2001-07-05,-22202.4,52,158
159,1981-06-11,-28550.97,256,159
160,1971-07-26,-13974.47,203,160
161,1989-04-13,21591.57,458,161
162,1985-10-08,-23938.34,319,162
163,2011-03-18,-20202.26,387,163
164,2009-11-03,-30434.29,483,164
165,2005-08-12,-28479.22,362,165
166,2007-05-08,-7634.76,203,166
167,1983-11-17,835.29,464,167
168,1971-06-05,30141.57,394,168
169,1978-11-14,-6754.87,357,169
170,1990-06-10,-29774.17,426,170
171,1971-11-02,-4555.5,168,171
172,1979-07-05,22898.23,230,172
173,1969-11-01,-20855.2,352,173
174,1977-12-08,-28766.42,457,174
175,1981-06-09,30022.53,87,175
176,1973-09-08,-16606.14,37,176
177,2006-06-16,30433.61,9,177
178,1996-10-14,25174.44,83,178
179,2009-07-16,23576.37,351,179
180,1998-06-07,14904.69,56,180
181,1972-07-05,-17134.9,382,181
182,1981-05-26,-9700.49,279,182
183,1984-02-28,-12197.39,161,183
184,2012-11-26,-29731.99,385,184
185,1996-03-16,-4690.18,465,185
186,1983-11-19,13503.47,276,186
187,1980-12-21,24813.36,220,187
188,1998-12-28,-21746.15,254,188
189,1990-05-21,-12254.38,300,189
190,1976-11-06,-19854.38,413,190
191,1991-12-04,-13928.36,308,191
192,1999-11-03,25658.31,381,192
193,1986-01-23,30086.64,461,193
194,1978-01-14,15127.41,173,194
195,2015-07-03,-5919.39,373,195
196,1968-04-16,-12958.67,458,196
197,1997-05-14,-24722.55,296,197
198,1976-09-10,1961.84,73,198
199,2007-01-28,-3852.9,332,199
200,2007-07-18,11223.93,270,200
201,1987-05-26,-29988.17,201,201
202,2009-04-20,10443.2,308,202
203,1987-01-06,2227.45,372,203
204,1975-05-06,32514.28,433,204
205,1999-04-24,-3306,80,205
206,2016-06-03,-28454.3,359,206
207,1996-10-13,-30722.21,112,207
208,2015-03-13,2350.57,106,208
209,1995-02-26,-27941.17,302,209
210,2006-07-04,18096.81,485,210
211,1996-12-04,-29286.61,488,211
212,2013-01-05,28198.18,386,212
213,1994-09-17,-16346.21,64,213
214,1992-06-25,-4891.51,104,214
215,2015-03-01,-28719.32,129,215
216,1997-06-22,-19324.85,328,216
217,1983-11-02,-19543.2,278,217
218,1987-10-11,13437.86,46,218
219,2010-05-23,13094.74,466,219
220,2008-04-18,12758.66,18,220
221,2007-05-22,-2794.64,471,221
222,1984-08-10,65.59,450,222
223,1995-05-01,-3692.8,424,223
224,2016-10-26,20605.56,183,224
225,2017-06-06,28637.99,279,225
226,1984-09-02,-14926.1,342,226
227,1987-02-11,-2965.48,306,227
228,2013-03-02,-32547.56,152,228
229,2017-01-23,-2485.8,473,229
230,2008-06-12,23157.49,488,230
231,2002-02-05,10501.49,473,231
232,1993-10-14,-4597.96,273,232
233,2001-12-01,-20139.74,121,233
234,1980-09-24,-10784.94,427,234
235,2010-12-28,11659.95,449,235
236,1989-03-22,9186.51,245,236
237,1999-05-02,13675.33,188,237
238,1996-01-05,-1593.94,193,238
239,1989-03-05,-19772.34,304,239
240,1996-05-13,17194.93,356,240
241,1991-10-12,29965.29,259,241
242,1987-04-11,20825.12,310,242
243,1974-12-14,7058.21,142,243
244,1971-02-21,-11305.21,279,244
245,1986-09-02,2129.5,353,245
246,1994-04-12,-25139.1,215,246
247,1983-01-11,1733.8,138,247
248,1989-02-01,32357.81,161,248
249,1968-08-28,-20511.33,308,249
250,1968-07-06,-31295.93,16,250
251,2004-11-25,-22634.94,428,251
252,2011-11-07,6103.66,397,252
253,2010-02-14,-28990.63,402,253
254,2007-07-08,-4267.19,350,254
255,1983-11-02,30538.4,391,255
256,2006-12-23,631.49,79,256
257,2012-10-03,-18771.9,140,257
258,1971-06-15,32126.73,193,258
259,1979-12-21,26244.21,429,259
260,2013-08-01,-8203.64,479,260
261,1969-03-13,-5918.88,403,261
262,1974-02-10,20751.58,217,262
263,2012-08-23,15847.88,8,263
264,2006-01-18,-48.52,94,264
265,1982-05-11,-12785.42,399,265
266,2000-08-24,25510.8,134,266
267,1981-07-26,-6025.3,458,267
268,1998-10-05,3241.23,11,268
269,1975-11-13,27761.6,28,269
270,1997-10-13,-26992.13,381,270
271,1972-12-13,-11948.72,192,271
272,1987-10-26,-30695.13,83,272
273,2002-01-28,-32400.5,214,273
274,1968-06-16,-5800.89,309,274
275,1989-11-19,11219.13,304,275
276,1985-10-21,6618.84,285,276
277,2003-08-11,4810.24,443,277
278,2011-09-08,-8196.76,303,278
279,2008-05-24,23072.23,397,279
280,2003-07-05,-9976.24,56,280
281,1975-07-13,-21152.89,219,281
282,1997-11-01,9054.4,270,282
283,2017-07-01,16881.55,295,283
284,2008-03-26,28043,485,284
285,1973-07-28,-3667.96,477,285
286,1977-04-12,-17572.9,77,286
287,1969-08-03,25786.98,174,287
288,1996-01-19,1343.66,155,288
289,2017-06-28,-23522.5,452,289
290,1995-12-13,-2817.34,290,290
291,1986-06-03,-5669.54,170,291
292,2010-08-01,7403,389,292
293,2006-04-08,-18758.8,200,293
294,1973-10-17,19021.8,338,294
295,2016-04-04,-11880.38,233,295
296,2011-06-11,-21151.79,350,296
297,2011-04-25,-32236.64,189,297
298,2011-03-04,9395.6,246,298
299,2011-08-01,-4583.64,216,299
300,1969-09-12,-16880.84,43,300
301,1973-06-24,-26483.61,248,301
302,2003-09-08,28833.6,197,302
303,2003-12-04,18955.68,444,303
304,1970-06-21,-13440.37,434,304
305,1984-08-18,-19879.23,453,305
306,1991-01-06,-3829.99,90,306
307,1987-08-19,11106.33,447,307
308,1973-07-23,-8401.54,186,308
309,1971-05-09,-27071.47,364,309
310,1992-02-16,-32102.7,337,310
311,2004-12-26,-17655.18,217,311
312,2007-06-24,25418.9,39,312
313,1980-03-06,-23763.7,232,313
314,2008-02-20,-12592.39,357,314
315,2005-07-01,5363.19,10,315
316,1998-07-13,23946.67,115,316
317,2010-01-20,-8608.58,412,317
318,1990-07-12,-1540.28,408,318
319,2005-06-11,15989.45,109,319
320,1987-10-20,-26606.23,120,320
321,2001-10-11,21888.19,339,321
322,2006-02-18,19758.32,321,322
323,2015-10-03,-15535.43,90,323
324,2015-10-02,16733.51,303,324
325,2006-08-06,-29860.15,75,325
326,2007-06-05,-18696.76,478,326
327,2013-03-26,20291.78,47,327
328,1997-09-16,-26972.21,9,328
329,1992-04-26,-26005.4,169,329
330,2007-04-24,-8352.99,274,330
331,1997-06-01,-7132.36,331,331
332,1977-09-09,4174.54,461,332
333,1988-01-24,-28650.87,364,333
334,1990-06-06,-6054.6,421,334
335,2000-05-19,16656.32,331,335
336,1980-01-26,-2571.14,411,336
337,1998-02-20,31307.85,438,337
338,2000-05-14,-5784.35,226,338
339,1971-05-06,-22133.45,110,339
340,2011-08-10,28325.92,307,340
341,1980-09-03,-11174.81,475,341
342,1987-07-25,20273.16,364,342
343,1980-04-22,-5634.79,391,343
344,1976-10-16,-21878.65,484,344
345,1977-09-25,-19376.64,441,345
346,1969-08-18,2318.7,216,346
347,2017-05-18,10921.73,114,347
348,1984-04-23,22125.7,354,348
349,2002-11-19,-32415.94,219,349
350,1992-08-17,-25251.76,430,350
351,1994-12-07,-24627.17,475,351
352,2000-10-27,-15771.1,70,352
353,2002-05-12,14374.92,409,353
354,1988-05-07,4702.76,243,354
355,1984-01-10,-12379.16,433,355
356,1969-07-01,7417.17,377,356
357,1997-02-01,-434.54,35,357
358,1993-10-01,29721.19,70,358
359,1987-03-10,-26925.74,26,359
360,1977-04-12,10364.16,391,360
361,1995-01-27,28643.19,426,361
362,1980-05-03,28357.1,122,362
363,2005-09-01,-26785.86,434,363
364,1988-12-09,-2140.34,281,364
365,1972-08-27,25422.66,456,365
366,1974-08-18,-32341.65,179,366
367,2011-10-07,10611.97,70,367
368,1979-12-02,3488.83,436,368
369,2009-08-24,28786.92,387,369
370,1987-10-20,-28137.9,216,370
371,2006-09-03,7494.9,315,371
372,1968-02-10,29934.37,404,372
373,1995-11-13,2808.11,4,373
374,1978-03-15,-3645.1,476,374
375,1973-03-16,-4090.43,47,375
376,2013-11-27,-9106.74,193,376
377,1982-12-04,20527.32,463,377
378,1996-09-08,-29777.12,251,378
379,1995-07-25,4170.77,330,379
380,1977-05-28,-2764.76,276,380
381,1968-06-24,3270.15,46,381
382,2012-10-14,-3161.64,7,382
383,1975-02-12,6570.34,157,383
384,1970-05-01,7519.3,453,384
385,2009-07-01,-22988.58,451,385
386,1991-05-19,-3303.46,99,386
387,1990-04-08,-31583.2,2,387
388,1999-09-16,854.43,3,388
389,1978-11-04,-27878.13,226,389
390,2013-06-26,-5719.76,132,390
391,2013-06-27,-14560.69,156,391
392,2007-09-25,30745.34,168,392
393,2013-01-26,30672.25,68,393
394,2006-04-09,2683.94,390,394
395,1976-01-03,24429.22,450,395
396,1973-12-17,32433.99,94,396
397,1995-04-20,13079,204,397
398,1996-04-16,26760.59,377,398
399,1975-11-18,3309.72,249,399
400,1985-02-11,-22616.16,482,400
401,2001-05-22,-28692.59,463,401
402,2010-03-15,-14656.94,256,402
403,1986-08-20,9229.85,146,403
404,2017-11-07,-26949.5,273,404
405,2002-08-15,-20012.28,207,405
406,2015-04-13,-22370.91,41,406
407,1997-07-08,-27030.31,220,407
408,1991-06-03,30646.22,244,408
409,2014-05-27,28487.34,326,409
410,2007-04-01,-8271.86,258,410
411,2014-11-03,-1807.19,211,411
412,2010-10-19,28990.39,419,412
413,1980-02-15,-18319.78,373,413
414,2007-06-01,22782.1,352,414
415,1993-07-15,11924.64,214,415
416,2017-04-20,-8785.65,68,416
417,2002-01-08,-25706.28,235,417
418,1999-10-08,21282.58,434,418
419,1974-09-05,23542.91,394,419
420,2012-10-16,3085.15,344,420
421,1982-10-20,18105.51,87,421
422,2013-05-19,-7833.98,455,422
423,2012-10-11,28435.23,291,423
424,2014-04-02,-17483.7,167,424
425,1990-10-05,11347.57,115,425
426,1974-01-11,-21272.3,143,426
427,1976-06-13,-7032.8,22,427
428,1997-01-11,3046.7,462,428
429,2012-01-19,25788.3,84,429
430,1984-11-02,15894.79,230,430
431,2013-07-12,-26933.51,399,431
432,1991-03-03,1867.14,177,432
433,1978-06-04,-3371.94,10,433
434,2008-05-20,-246.15,435,434
435,2002-06-27,17153.34,177,435
436,1976-06-25,17730.25,177,436
437,2000-04-18,20412.61,475,437
438,1976-04-15,-27512.26,44,438
439,2015-10-21,19854.77,123,439
440,1975-02-11,32763.17,410,440
441,2008-04-21,497.86,347,441
442,2015-06-14,7778.48,266,442
443,1971-07-19,-1071.19,65,443
444,2010-12-06,-17500.7,364,444
445,1978-02-08,15984.11,476,445
446,1991-04-02,-17002.15,452,446
447,1974-01-19,-22184.27,347,447
448,1971-06-10,27530.84,336,448
449,2009-11-01,22007.35,251,449
450,2009-08-14,24423.64,450,450
451,1988-10-25,-17493.76,461,451
452,1997-02-18,-4790.72,302,452
453,2017-08-16,13219.5,426,453
454,2007-08-25,-8121.2,376,454
455,2000-05-16,12415.8,195,455
456,2017-11-06,32041.81,338,456
457,2008-12-28,-4195.8,302,457
458,1990-10-25,3062.48,300,458
459,1989-12-24,-27642,123,459
460,1997-01-09,-3219.46,143,460
461,1984-02-13,4535.7,476,461
462,1979-10-21,2774.39,267,462
463,2006-04-07,-12291.12,388,463
464,1996-04-24,-15248,269,464
465,2014-03-08,-12206.94,124,465
466,1987-01-10,12641.59,304,466
467,2017-08-25,1626.78,37,467
468,1996-04-12,-18044.67,385,468
469,1999-02-13,32286.17,267,469
470,1975-08-26,-12119.6,476,470
471,1977-11-28,23195.31,71,471
472,1986-07-03,28281.29,314,472
473,1975-12-10,-13606.29,448,473
474,1968-11-18,25568.9,159,474
475,2010-05-03,-12514.66,259,475
476,1977-05-08,702.32,355,476
477,1992-02-16,5345.17,500,477
478,2003-12-10,-26229.34,375,478
479,1971-03-27,15774.55,395,479
480,1985-03-13,7201.83,334,480
481,1981-12-14,-109.7,165,481
482,1999-02-06,4110.51,14,482
483,1981-06-03,-23222.5,310,483
484,2009-03-09,-14056.23,243,484
485,1987-01-12,-27676.14,115,485
486,2009-11-03,-20622.99,77,486
487,1970-02-24,5595.96,309,487
488,1973-12-23,-5836.86,443,488
489,1982-12-13,-31481.9,119,489
490,1975-05-26,23659.25,13,490
491,2007-08-16,-21548.18,212,491
492,2000-02-17,-8527.3,206,492
493,2007-04-13,-26494.85,57,493
494,1975-08-24,-32418.37,59,494
495,2012-01-09,-18192.1,29,495
496,1973-04-04,-6720.3,125,496
497,2002-11-06,5012.47,117,497
498,1968-08-22,6874.96,307,498
499,1995-08-14,-11856.43,80,499
500,2011-08-20,28300.54,133,500
501,2005-11-12,23499.41,368,501
502,2008-04-06,-11224.79,410,502
503,2004-02-21,9076.28,325,503
504,1991-01-27,-31047.6,398,504
505,1991-06-14,-2523.63,111,505
506,1994-03-06,-18979.4,87,506
507,2008-08-05,-27232.78,113,507
508,1998-04-06,-28411.51,212,508
509,2001-07-14,-604.73,151,509
510,1969-10-01,1784.45,197,510
511,2014-10-22,-815.64,107,511
512,1987-04-27,-23343.46,452,512
513,2006-05-25,-2498.91,131,513
514,2016-06-12,10096.81,183,514
515,1978-09-12,-31056.67,341,515
516,1972-03-24,-23611.58,40,516
517,1989-08-05,-15516.31,90,517
518,2012-06-22,3056.47,485,518
519,1979-01-25,11231.16,409,519
520,1985-10-12,2380.97,403,520
521,1986-09-06,5901.57,197,521
522,2002-12-11,-20433.29,363,522
523,1981-04-13,-2885.35,42,523
524,1991-12-13,11955.33,418,524
525,1981-10-11,10122.28,65,525
526,2009-12-17,27985.26,258,526
527,1987-03-27,2067.52,274,527
528,1973-11-14,19570.2,199,528
529,1972-11-08,18646.29,445,529
530,1973-01-07,-29114.4,352,530
531,1993-11-18,-12060.83,486,531
532,1973-02-13,777.11,197,532
533,2017-02-28,32571.21,167,533
534,2017-08-18,3537.8,193,534
535,1987-10-08,-11985.47,16,535
536,2006-05-19,-23166.7,292,536
537,1970-09-18,21771.7,458,537
538,2005-06-18,3713.29,292,538
539,1977-07-19,16866.72,277,539
540,1990-02-06,4011.39,455,540
541,2008-01-15,-21079.62,274,541
542,1975-01-26,2505.1,343,542
543,2017-12-21,-15122.86,370,543
544,1976-12-19,-21452.9,238,544
545,2006-06-17,27631.27,247,545
546,1973-06-19,19427.44,447,546
547,1983-10-24,11867.85,211,547
548,2001-02-13,-10824.12,69,548
549,1987-01-25,1434.43,424,549
550,1992-09-10,20662.24,405,550
551,2007-06-27,-29507.26,482,551
552,1976-06-05,20672.9,257,552
553,2010-04-15,25494.24,457,553
554,2003-01-27,21887.94,357,554
555,1995-05-14,31870.85,120,555
556,2013-09-03,-23894.33,53,556
557,1974-01-12,-10067.41,378,557
558,1987-05-16,-20155.9,24,558
559,1978-04-26,16580.64,446,559
560,1996-02-13,32575.83,329,560
561,2006-10-24,13164.1,120,561
562,1969-07-14,20055.97,44,562
563,1993-01-28,-12533.88,191,563
564,1994-06-15,-3468.8,17,564
565,1983-12-20,4838.48,384,565
566,1981-08-11,-9755.2,485,566
567,2016-09-09,30571.22,185,567
568,1994-10-23,20533.13,213,568
569,1995-10-09,16301.74,99,569
570,1979-07-13,-21076.26,281,570
571,2002-12-14,-31903.68,420,571
572,1988-05-17,-12135.53,339,572
573,2016-11-06,25676.9,242,573
574,1979-06-06,-30913.1,12,574
575,2014-02-28,27904.1,249,575
576,1997-07-13,-13583.22,326,576
577,1972-06-11,-29932.17,367,577
578,2010-03-04,1985.9,453,578
579,2011-11-03,-15376.55,404,579
580,1968-02-19,-3239.65,441,580
581,1999-01-15,15247.83,19,581
582,1992-11-18,16826.82,387,582
583,1968-05-28,-24768.99,388,583
584,1993-10-14,-27968.2,167,584
585,1995-01-06,-13198.65,193,585
586,2016-09-19,16589.9,163,586
587,2007-12-16,-18189.37,15,587
588,1968-07-21,-6609.5,117,588
589,1976-05-11,20561.36,166,589
590,2015-08-06,-16056.48,98,590
591,1996-09-23,13020.49,46,591
592,1974-07-27,25535.9,244,592
593,1991-01-17,2893.17,298,593
594,2008-09-27,11531.56,342,594
595,2010-11-21,-4115.44,154,595
596,1973-05-10,23469.8,377,596
597,2005-08-16,21828.91,303,597
598,1972-07-05,27023.85,294,598
599,1976-10-20,27641.64,243,599
600,2006-09-11,7301.7,461,600
601,1972-08-15,-18104.67,393,601
602,1974-08-16,6899.3,151,602
603,1968-06-17,-5071.15,437,603
604,1989-04-11,23751.27,393,604
605,1982-02-27,11185.13,293,605
606,1985-06-28,-441.81,253,606
607,1972-12-11,-5295.42,144,607
608,2015-10-24,-12817.1,2,608
609,2004-09-06,18096.42,486,609
610,1991-04-26,18784.8,81,610
611,1970-03-09,6309.32,355,611
612,1989-01-17,13039.42,238,612
613,1993-04-08,-26355.54,308,613
614,1987-06-06,-9683.88,58,614
615,1985-02-27,-23821.24,397,615
616,2007-05-27,-25318.96,107,616
617,1991-07-05,11755.64,490,617
618,1973-11-10,-18706.22,378,618
619,1990-11-04,-15916.88,283,619
620,1977-01-26,5307.4,123,620
621,1993-09-28,8187.32,203,621
622,2014-09-14,32032.53,67,622
623,2012-06-13,5138.27,214,623
624,2008-01-03,12041.41,256,624
625,1982-07-28,23667.32,352,625
626,1991-12-13,-28204.68,207,626
627,1985-03-09,23726.37,323,627
628,1988-02-23,-32515.7,456,628
629,1970-03-21,6348.25,345,629
630,1983-10-18,28931.93,369,630
631,1994-09-04,28467.69,315,631
632,2017-01-11,-1413.31,492,632
633,1973-12-04,15141.79,76,633
634,2000-11-26,-20918.32,32,634
635,1997-05-14,-13483.59,82,635
636,1994-03-13,-27234.7,346,636
637,2015-01-26,-12286.79,233,637
638,2011-02-17,30343.43,121,638
639,2003-10-25,-8665.83,434,639
640,2001-03-02,-489.55,372,640
641,1982-12-18,-22325.21,119,641
642,2002-07-10,25370.8,335,642
643,1969-10-13,28245.7,61,643
644,2017-10-17,4281.78,346,644
645,1994-05-10,-9278.7,359,645
646,2017-08-24,-26586.99,358,646
647,1991-09-11,-17634.35,378,647
648,2017-12-01,-14791.32,246,648
649,2013-07-03,-19878.27,112,649
650,2008-05-05,2472.66,61,650
651,1975-12-11,26899.36,271,651
652,2005-04-02,17069.72,319,652
653,1973-10-20,-10186.53,127,653
654,1984-12-14,28107.9,224,654
655,1992-08-06,-3614.7,228,655
656,2010-01-21,-6709.1,296,656
657,2007-09-16,1748.64,136,657
658,2000-12-28,22036.91,258,658
659,1984-11-12,-23295.54,475,659
660,1988-01-12,19750.7,243,660
661,1990-05-10,-17399.31,456,661
662,1971-05-09,31057.74,305,662
663,2011-02-22,-22481.81,361,663
664,1994-10-03,-21838.58,150,664
665,2007-10-09,-16876.3,403,665
666,1979-01-20,-17397.93,379,666
667,1968-01-15,-16490.5,295,667
668,1980-11-21,28369.16,195,668
669,1982-05-28,3245.22,465,669
670,1994-09-24,19717.4,252,670
671,2009-01-04,30774.54,104,671
672,1986-01-26,24496.16,462,672
673,2009-03-19,28785.52,196,673
674,1971-06-07,2886.31,184,674
675,1971-08-13,6997.84,273,675
676,1981-02-02,-23965.54,50,676
677,2011-05-16,9192.8,341,677
678,1990-02-13,-5797.23,272,678
679,1983-02-21,-26872.86,186,679
680,2007-09-02,32254.31,68,680
681,1999-08-13,-25015.47,272,681
682,2004-01-24,-486.1,432,682
683,1990-01-16,760.11,316,683
684,1989-11-13,-23615.57,189,684
685,2014-07-02,3382.37,340,685
686,1978-09-15,-6289.9,12,686
687,1982-05-08,-16056.94,47,687
688,2013-01-01,-25181.57,454,688
689,1992-02-21,15977.8,223,689
690,1982-05-26,-3354.47,43,690
691,2006-02-22,830.43,142,691
692,2013-11-15,24495.56,194,692
693,1973-09-07,-20797,453,693
694,1972-08-16,25424.63,242,694
695,1977-10-06,-28812.28,248,695
696,1992-08-04,23032.23,326,696
697,1988-01-13,21509.91,348,697
698,2003-09-01,-8968.97,409,698
699,2008-02-17,19524.98,77,699
700,1982-03-05,-17579.23,447,700
701,1978-02-08,-28981.27,224,701
702,1968-02-26,-7946.63,58,702
703,1977-07-02,-28540.29,9,703
704,1993-09-24,2686.45,384,704
705,1988-05-22,-12381.63,396,705
706,2003-03-22,23612.39,488,706
707,1972-01-11,-12767.26,72,707
708,1997-12-24,5426.96,210,708
709,1974-11-06,-10856.46,448,709
710,1974-03-28,25869.56,327,710
711,2017-01-17,-3590.11,239,711
712,2004-07-15,16288.76,177,712
713,2003-03-14,3350.47,396,713
714,2007-04-26,-5412.77,372,714
715,1992-08-18,-31509.44,81,715
716,1978-02-23,24072.87,221,716
717,2000-01-22,-2487.53,413,717
718,1981-03-24,10570.14,151,718
719,1988-02-13,-14233.67,229,719
720,1992-08-03,18582.62,132,720
721,1972-11-19,2858.88,366,721
722,2003-02-24,-8086.65,270,722
723,1994-11-02,417.56,111,723
724,1976-03-10,-5174.61,1,724
725,1970-08-20,20246.29,485,725
726,1976-03-16,-13271.17,365,726
727,1990-11-28,-30747.5,289,727
728,1994-04-12,-26010.54,105,728
729,1981-06-01,-15976.62,62,729
730,1995-01-02,1095.3,468,730
731,2015-09-16,-8562.85,220,731
732,1972-03-27,-2697.7,305,732
733,1976-03-06,8461.9,348,733
734,2016-04-23,-10862.29,300,734
735,1968-06-20,21349.7,218,735
736,2016-05-21,-17770.26,372,736
737,1999-11-22,-2289.39,347,737
738,2002-04-19,21587.17,337,738
739,2011-06-16,30762.12,222,739
740,2011-04-11,-30480.74,386,740
741,1985-04-05,4151.36,14,741
742,2009-09-07,10730.14,131,742
743,1998-10-14,-27844.6,401,743
744,2009-02-17,-4808.8,65,744
745,2002-08-06,-18106.37,398,745
746,1996-10-16,-2746.12,224,746
747,2014-12-04,-29857.94,219,747
748,1989-02-12,-2209.3,138,748
749,2001-11-01,-27333.2,446,749
750,1989-11-18,-28623.63,369,750
751,2008-12-18,32376.41,47,751
752,1978-11-23,-4603.62,123,752
753,1997-04-27,-18703.5,67,753
754,1992-09-13,-32224.13,344,754
755,1998-12-26,-13922.41,463,755
756,1984-01-03,-3154.3,359,756
757,2012-09-14,24570.54,30,757
758,1970-05-20,-5056.9,437,758
759,1975-10-07,8503.7,131,759
760,2003-09-16,-20045.12,387,760
761,1992-12-08,8716.68,413,761
762,2005-03-22,24842.78,95,762
763,1991-08-28,-15659.54,3,763
764,1999-12-01,-8962.28,12,764
765,1998-12-23,-29614.46,4,765
766,1971-12-06,-20744.7,245,766
767,1988-12-22,25513.16,402,767
768,1974-12-27,22412.4,276,768
769,2016-12-28,16420.19,357,769
770,1974-09-21,-21989.49,217,770
771,1970-01-19,26735.22,82,771
772,2004-06-07,1744.4,141,772
773,2010-12-08,-16845.89,166,773
774,2014-06-06,-24597.28,337,774
775,1969-02-02,12779.99,177,775
776,1997-11-26,3980.33,111,776
777,1992-10-21,22941.17,368,777
778,2001-03-25,-3585.27,492,778
779,1982-08-03,-18133.23,174,779
780,2015-05-08,24737.35,169,780
781,1976-06-09,4567.24,370,781
782,1987-01-08,24566.34,11,782
783,1974-06-10,-3342.12,340,783
784,1994-08-18,1953.99,339,784
785,2005-12-08,-10256.63,476,785
786,1977-12-22,-31823.91,364,786
787,1969-08-28,13752.78,33,787
788,1980-06-28,11676.5,202,788
789,1973-01-24,-14944.54,170,789
790,1988-11-09,-20450,498,790
791,2017-08-01,-4759.71,367,791
792,2014-11-13,-28200.11,460,792
793,1971-08-06,-29675.53,253,793
794,2006-04-26,-5801.98,26,794
795,1996-08-21,20647.81,266,795
796,1987-05-25,-13487.87,13,796
797,2002-10-02,-21648.4,424,797
798,2013-02-23,6322.42,277,798
799,1988-07-19,-21502.22,374,799
800,1992-10-19,-3069.82,70,800
801,1991-09-14,-28656.37,254,801
802,1969-08-08,10057.54,39,802
803,2014-07-26,12517.4,500,803
804,1970-07-05,3082.44,276,804
805,1972-02-15,16290.22,435,805
806,1972-03-06,-9828.92,371,806
807,2008-11-07,-32306.42,211,807
808,1985-09-27,-20996.53,476,808
809,1970-09-12,25781.8,384,809
810,1983-03-06,11855.14,376,810
811,1990-02-15,31976.9,377,811
812,1993-01-27,11936.25,242,812
813,1986-09-01,29799.61,23,813
814,1988-01-20,4504.57,428,814
815,2010-11-07,-20753.97,429,815
816,1988-05-26,-30371.9,80,816
817,2004-12-14,-11300.22,27,817
818,1970-12-06,21309.7,322,818
819,1998-03-17,-18396.15,450,819
820,1969-05-15,-8620.85,196,820
821,2009-03-19,-10434.13,48,821
822,1981-05-10,22805.41,400,822
823,1996-03-28,-26355.67,460,823
824,1997-11-01,-9028.37,464,824
825,1999-05-19,31995.88,383,825
826,1983-08-18,26236.82,426,826
827,2013-02-14,16671.42,107,827
828,1996-10-13,-10792.66,24,828
829,1986-01-15,-17195.79,172,829
830,1990-10-24,-11075.85,21,830
831,1997-02-17,19486.98,390,831
832,2005-12-01,-12757.29,76,832
833,1988-10-26,-1611.46,278,833
834,1975-11-10,29399.9,180,834
835,2016-09-19,-13252.38,117,835
836,1986-06-27,4693,96,836
837,1983-10-19,-7726.55,347,837
838,1987-08-23,16304.8,280,838
839,2016-10-18,26193.88,54,839
840,2010-04-05,31305.27,48,840
841,1992-02-26,-23291.1,468,841
842,1970-05-22,24317.32,469,842
843,2003-01-04,22034.19,88,843
844,1978-02-06,32568.73,93,844
845,1995-09-02,-7147.36,232,845
846,1971-07-02,16526.82,88,846
847,1982-09-07,11323.58,201,847
848,2011-02-04,-12311.22,461,848
849,1989-03-06,11588.77,70,849
850,1995-05-03,-7937.92,443,850
851,1991-12-24,-26884.96,97,851
852,1992-02-11,-22041.8,14,852
853,1998-12-14,2454.93,408,853
854,1985-07-24,17457.31,308,854
855,1973-08-21,-11523.29,283,855
856,1979-12-14,-20408.3,426,856
857,2000-12-08,-23093.2,281,857
858,2002-03-09,30172.93,350,858
859,2012-08-24,-10185.44,108,859
860,1981-12-16,12804.24,229,860
861,1979-08-23,21238.96,448,861
862,2015-11-06,22163.58,180,862
863,1975-12-26,26560.95,77,863
864,1986-09-22,7211.72,275,864
865,1979-10-08,17710.96,154,865
866,1992-08-09,-18151.15,175,866
867,1992-09-03,1860.68,329,867
868,1977-08-18,26954.87,138,868
869,2001-10-11,1512.87,97,869
870,2006-05-28,4818.73,113,870
871,1993-12-11,29440.81,167,871
872,1987-01-07,-11379.12,495,872
873,1976-09-20,871.78,362,873
874,1984-10-18,30563.51,326,874
875,2002-05-02,17804.2,288,875
876,1988-11-03,8959.9,390,876
877,1985-02-06,-9692.25,497,877
878,2015-10-19,19630.46,200,878
879,2004-07-27,-29764.4,25,879
880,2009-05-13,2325.32,23,880
881,1991-02-03,22376.36,168,881
882,2014-07-25,-24564.35,74,882
883,1978-01-23,-18794.1,151,883
884,1984-02-08,31867.58,332,884
885,1986-07-01,20309.91,325,885
886,2015-09-18,18958.89,197,886
887,1983-12-20,26496.15,116,887
888,1993-02-03,22941.93,495,888
889,1975-09-20,31888.47,448,889
890,2017-01-08,-19999.65,318,890
891,1983-03-15,-20960.61,449,891
892,2001-10-02,16092.98,83,892
893,2002-08-09,-11115.18,248,893
894,1997-07-24,-3194.75,38,894
895,2004-03-23,13981.85,435,895
896,2000-06-28,8728.35,462,896
897,1990-06-06,17041.55,52,897
898,1986-05-17,-5585.26,452,898
899,2009-05-22,-30110.38,323,899
900,2004-07-22,9344.2,413,900
901,1977-03-15,-13130.18,409,901
902,2013-10-14,-10912.66,236,902
903,1980-08-14,-8440.49,381,903
904,1970-07-04,-4249.59,409,904
905,1999-09-20,-30960.48,21,905
906,2004-02-25,-13018.33,200,906
907,2012-10-28,29324.95,285,907
908,2010-08-11,11917.72,72,908
909,1977-11-28,-17330.47,79,909
910,2016-12-27,-14802.4,282,910
911,1985-09-15,29411.72,336,911
912,2002-05-07,23222.58,123,912
913,1978-12-21,-10888.32,137,913
914,1997-01-14,31340.44,295,914
915,1990-05-08,19782.38,312,915
916,2003-07-22,2667.83,26,916
917,1989-05-12,-118.5,477,917
918,2001-02-25,-18308.92,320,918
919,1992-10-17,3361.59,110,919
920,1996-06-19,-11018.58,403,920
921,1976-11-04,10502.98,64,921
922,1991-09-14,23711.32,279,922
923,2017-12-15,-16537.33,263,923
924,1978-04-15,-1863.7,11,924
925,1993-09-05,2048.18,400,925
926,1998-08-16,-25296.34,388,926
927,2001-02-16,-15468.52,178,927
928,1986-01-12,7859.34,323,928
929,2013-09-22,-26732.51,129,929
930,1989-07-03,-13806.55,439,930
931,2006-03-24,-32009.93,44,931
932,2004-01-12,7056.48,236,932
933,1978-04-12,-30410.29,107,933
934,2006-02-24,-13812.57,56,934
935,1982-01-19,-24816.36,437,935
936,1970-02-10,21204.12,465,936
937,1989-11-01,-10896.1,349,937
938,2000-05-04,-12472.51,197,938
939,1984-04-03,14413.86,338,939
940,1993-05-07,-31355.55,84,940
941,1995-09-12,-15076.59,140,941
942,1981-11-01,12241.2,473,942
943,1994-02-07,-26064.64,51,943
944,1995-07-08,530.49,271,944
945,2002-02-21,-31388.21,437,945
946,2006-12-19,14018.39,43,946
947,2012-05-21,-3279.52,267,947
948,1998-12-01,14721.67,11,948
949,1979-10-20,14195.16,67,949
950,1991-08-25,-15723.64,276,950
951,1993-09-23,2206.79,361,951
952,1987-07-04,-12824.85,38,952
953,1989-02-14,-30861.87,258,953
954,1972-08-12,29362.67,339,954
955,1995-02-28,-10542.3,9,955
956,1999-02-11,-1502.67,442,956
957,1976-06-04,14382.4,100,957
958,1995-11-10,-4974.24,369,958
959,2008-05-09,28901.32,351,959
960,1990-12-23,28949.5,196,960
961,2014-03-16,-29878.3,222,961
962,2017-01-14,24980.7,189,962
963,2001-09-17,-20413.39,228,963
964,2004-06-18,27153.9,86,964
965,2010-11-12,13537.4,115,965
966,1979-10-07,1957.64,98,966
967,1981-09-21,6049.7,214,967
968,1989-11-24,9019.48,461,968
969,1976-11-12,23357.73,234,969
970,1979-03-27,-29783.45,464,970
971,2016-11-27,9732.95,72,971
972,1990-11-09,-9057.24,70,972
973,1999-07-07,25836.28,141,973
974,2004-08-26,-31362.98,146,974
975,1996-12-15,-32451.1,422,975
976,1975-08-06,24640.16,63,976
977,1989-04-14,28571.18,48,977
978,2008-12-27,16718.39,289,978
979,1995-03-12,21565.81,265,979
980,1989-02-25,1876.3,404,980
981,1978-09-12,-8898.77,239,981
982,2015-09-09,-20636.89,173,982
983,2007-11-15,14512.9,70,983
984,1972-05-09,24799.95,104,984
985,1973-03-04,-22558.39,140,985
986,1973-06-21,-17842.46,73,986
987,1981-08-25,29910.21,404,987
988,2016-05-14,-31032.61,270,988
989,1997-03-13,-8045.39,341,989
990,1994-12-15,31786.8,129,990
991,2009-08-01,16320.41,181,991
992,1983-11-16,31830.9,470,992
993,2007-02-10,-31081.51,381,993
994,1999-09-23,14108.42,217,994
995,1995-09-28,21491.85,98,995
996,1989-12-14,28572.49,484,996
997,1997-04-22,26118.66,189,997
998,2012-06-10,-5771.61,88,998
999,2003-11-05,7618.91,37,999
1000,1971-08-18,-13799.33,311,1000
1001,1995-11-07,8688.8,244,1001
1002,2013-03-09,25869.59,462,1002
1003,1984-12-28,32491.1,294,1003
1004,1994-01-03,2518.7,214,1004
1005,2016-10-12,-12096.27,374,1005
1006,1975-02-05,-2495.13,491,1006
1007,2015-02-14,-25460.49,108,1007
1008,2013-05-23,-23129.95,253,1008
1009,1980-05-04,-1406.92,398,1009
1010,1995-05-15,-10857.7,325,1010
1011,2001-08-01,9160.67,77,1011
1012,1976-07-22,13693.54,361,1012
1013,2012-03-16,-1244.98,361,1013
1014,1968-10-26,18925.3,467,1014
1015,1968-11-18,-28686.67,345,1015
1016,2014-04-10,11638.3,496,1016
1017,2006-02-10,2225.2,4,1017
1018,2008-03-22,28405.12,210,1018
1019,1995-08-16,-16585.78,152,1019
1020,2002-04-16,25582.1,431,1020
1021,2001-09-04,-13620.72,213,1021
1022,1987-06-27,7901,432,1022
1023,2004-03-21,-2230.47,298,1023
1024,1973-08-10,-10125.9,457,1024
1025,2015-12-02,23675.64,144,1025
1026,2013-01-22,14559.16,199,1026
1027,2011-01-18,-9186.36,206,1027
1028,2016-05-03,20425.73,186,1028
1029,2017-12-03,-5811.84,185,1029
1030,1968-06-14,-32125.42,141,1030
1031,2005-02-23,16395.91,334,1031
1032,2013-04-20,-17136.66,88,1032
1033,1968-10-05,-27041.73,163,1033
1034,2005-02-19,20020.72,425,1034
1035,2007-01-06,-14905.15,141,1035
1036,1992-07-07,21107.33,168,1036
1037,1998-05-23,7001.36,500,1037
1038,2002-11-27,29023.79,43,1038
1039,1973-05-01,-11676.72,445,1039
1040,2008-02-13,22900.86,443,1040
1041,2007-01-20,3133.6,327,1041
1042,1985-11-02,-26217.54,443,1042
1043,1989-12-10,12201.16,464,1043
1044,1992-06-08,-18835.37,470,1044
1045,1993-03-01,-13369.47,473,1045
1046,1992-11-15,5687.9,123,1046
1047,1969-01-26,-30064.16,469,1047
1048,1999-09-03,-4598.21,428,1048
1049,1968-10-26,7998.15,160,1049
1050,1972-07-23,27605.83,376,1050
1051,1990-05-27,-24128.69,52,1051
1052,1971-12-25,3223.82,63,1052
1053,1975-08-01,1277.42,177,1053
1054,1980-07-01,-8544.26,283,1054
1055,2002-02-09,8062.31,206,1055
1056,2014-09-27,24019.79,53,1056
1057,2007-05-03,22501.98,493,1057
1058,1989-06-26,-19763.69,8,1058
1059,1969-04-15,-3522.66,325,1059
1060,1969-08-28,-29231.32,416,1060
1061,2016-11-13,-26462.97,487,1061
1062,1971-06-15,-31573.51,410,1062
1063,2005-08-07,16180.75,172,1063
1064,2008-12-22,-1645.36,411,1064
1065,1983-06-10,-28999.2,259,1065
1066,1975-12-04,24355.2,440,1066
1067,2016-03-04,-806.31,5,1067
1068,1993-01-23,26063.98,52,1068
1069,1979-09-01,-16047.42,241,1069
1070,2007-09-07,-26938.2,347,1070
1071,1969-11-16,-27379.53,411,1071
1072,1998-05-06,19114.86,322,1072
1073,1968-10-25,-10192.77,195,1073
1074,1980-01-18,-19880.92,96,1074
1075,1972-12-06,-24599.34,245,1075
1076,1968-11-19,-3375.39,359,1076
1077,2004-10-14,-6993.67,144,1077
1078,1982-03-21,18003.64,452,1078
1079,2016-05-07,-910.71,331,1079
1080,2004-11-12,-3190.22,462,1080
1081,2009-04-10,-1212.71,66,1081
1082,2009-09-03,-7593.41,194,1082
1083,1977-03-22,-21106.59,357,1083
1084,2010-03-13,-32204.76,304,1084
1085,2006-03-01,11838.9,490,1085
1086,1979-01-22,-19849.23,301,1086
1087,1975-01-17,19409.87,354,1087
1088,1995-01-10,-3647.84,42,1088
1089,2015-10-06,31134.32,130,1089
1090,1969-08-24,-15986.47,407,1090
1091,2004-06-23,-5068.45,19,1091
1092,1987-02-03,615.59,170,1092
1093,1978-12-03,3201.18,115,1093
1094,1998-05-24,-29418.22,329,1094
1095,1977-04-01,-20470.65,63,1095
1096,1970-10-12,16502.65,326,1096
1097,1969-12-22,19420.22,248,1097
1098,1991-01-09,-11058.67,363,1098
1099,1989-07-04,-14571.36,301,1099
1100,1997-08-06,-28803.92,293,1100
1101,2000-02-05,17081.41,387,1101
1102,1994-05-02,-19752.44,26,1102
1103,1980-05-19,7471.47,351,1103
1104,1995-08-21,-7955.14,234,1104
1105,1984-05-15,20527.49,42,1105
1106,2016-05-07,7292.8,431,1106
1107,2000-02-28,-20810.23,265,1107
1108,2004-11-07,3561.64,160,1108
1109,1980-11-15,-14492.43,76,1109
1110,1996-07-03,3863.88,311,1110
1111,2010-03-27,18721.62,263,1111
1112,2017-03-13,7951.5,319,1112
1113,2016-08-06,-30245.25,429,1113
1114,2011-07-14,18889.75,181,1114
1115,2015-06-23,22168.5,378,1115
1116,1982-07-24,-1573.36,32,1116
1117,1981-03-07,-25712.31,6,1117
1118,1986-09-13,4402.11,347,1118
1119,1972-09-05,18789.32,258,1119
1120,2001-05-07,11241.89,291,1120
1121,1979-11-10,9120.7,434,1121
1122,1997-07-23,-15090.2,392,1122
1123,1991-07-22,-27703.44,411,1123
1124,2016-06-19,28680.24,179,1124
1125,1993-11-18,20114.71,189,1125
1126,2008-09-06,27412.9,141,1126
1127,2015-02-20,6920.66,125,1127
1128,1969-01-10,-13604,459,1128
1129,2005-11-26,24662.79,62,1129
1130,1987-09-14,-10680.92,139,1130
1131,2015-03-04,28351.84,237,1131
1132,1977-08-12,-25382.87,484,1132
1133,1983-03-19,-25841.34,360,1133
1134,1999-03-08,7425.46,480,1134
1135,1993-07-26,-14858.9,292,1135
1136,1984-06-10,19398.91,375,1136
1137,1976-01-10,-20817.89,392,1137
1138,2009-09-26,29503.89,221,1138
1139,1994-08-25,21370.21,356,1139
1140,1976-01-01,-7512.24,168,1140
1141,1995-07-21,7825.34,2,1141
1142,1993-04-22,-18781.61,330,1142
1143,2012-07-08,26849.68,200,1143
1144,1993-04-26,20441.66,339,1144
1145,1980-01-08,-1135.54,136,1145
1146,1986-03-14,6540.77,280,1146
1147,1971-06-13,-22504.72,452,1147
1148,2004-12-11,-14393.21,161,1148
1149,2015-07-12,-28427.86,415,1149
1150,1989-11-23,32305.94,395,1150
1151,1970-04-17,-18420.27,181,1151
1152,1988-12-26,-11755.78,93,1152
1153,1970-03-15,3041.82,305,1153
1154,1979-06-08,21773.24,352,1154
1155,2016-11-07,315.3,114,1155
1156,1996-08-12,-28331.18,412,1156
1157,2015-10-24,-2569.15,126,1157
1158,1989-12-12,3755.5,402,1158
1159,1982-10-09,-15650.99,147,1159
1160,1970-01-24,11407.49,59,1160
1161,1975-04-06,27054.78,82,1161
1162,2013-07-18,-13839.33,443,1162
1163,1991-09-25,27610.85,10,1163
1164,2014-03-21,29265.4,25,1164
1165,1993-04-08,-30413.33,382,1165
1166,1994-07-16,-31901.39,225,1166
1167,2008-06-08,11067.2,128,1167
1168,2011-12-13,18907.59,329,1168
1169,1970-12-11,19248.53,218,1169
1170,1977-10-23,22087.93,237,1170
1171,2008-12-13,27360.95,409,1171
1172,2017-06-03,20756.12,256,1172
1173,2005-10-15,29609.37,59,1173
1174,1993-12-22,29179.15,491,1174
1175,2014-05-07,31108.49,22,1175
1176,2001-06-11,-10475.93,177,1176
1177,1993-03-22,-5267.58,97,1177
1178,1977-06-08,-6732.38,363,1178
1179,2009-11-23,-30620.55,171,1179
1180,2005-01-24,27297.7,4,1180
1181,1987-04-22,-10630.54,236,1181
1182,1991-03-27,-19040.64,431,1182
1183,1974-03-24,27446.14,224,1183
1184,1968-02-23,3931.92,288,1184
1185,1970-10-05,15451.78,54,1185
1186,1991-03-10,794.67,138,1186
1187,2015-10-20,28945.5,227,1187
1188,1969-01-26,30183.34,306,1188
1189,2006-06-27,12128.86,440,1189
1190,1983-07-11,-11400.3,249,1190
1191,1994-05-25,18173.3,64,1191
1192,2009-07-14,-29390.17,30,1192
1193,2015-06-08,30428.32,170,1193
1194,2000-01-17,-3982.21,379,1194
1195,2011-11-03,-11125.57,376,1195
1196,1979-11-09,5788.7,284,1196
1197,1994-11-07,24006.85,272,1197
1198,1979-09-11,-13268.27,250,1198
1199,1969-08-19,20091.87,199,1199
1200,2007-01-18,-5740.6,31,1200
1201,1980-02-05,-12738.9,438,1201
1202,1982-12-09,-11758.98,375,1202
1203,1989-08-07,-20404.45,72,1203
1204,2001-12-06,-694.31,264,1204
1205,2005-03-21,29276.27,141,1205
1206,1970-11-02,-10699.1,282,1206
1207,1999-01-24,1476.17,215,1207
1208,2012-01-17,-14429.75,414,1208
1209,1985-07-15,24457.28,363,1209
1210,2004-03-07,-15712.6,498,1210
1211,2003-09-02,2795.97,150,1211
1212,1983-10-01,14324.79,484,1212
1213,1994-10-23,-859.4,356,1213
1214,1974-08-06,-20373.32,287,1214
1215,1984-03-23,19169.55,126,1215
1216,1980-11-22,20305.71,408,1216
1217,2003-10-09,4868.38,211,1217
1218,1972-12-26,8048.6,226,1218
1219,1999-08-27,-3568.4,447,1219
1220,1971-08-01,-16725.5,102,1220
1221,2010-10-27,-17166.62,481,1221
1222,1992-05-14,-14209.13,57,1222
1223,2008-09-01,-15696.13,446,1223
1224,2011-06-09,-22522.3,324,1224
1225,2017-02-26,27352.12,104,1225
1226,1996-09-16,22925.22,443,1226
1227,2016-11-05,-23751.74,78,1227
1228,1987-07-28,3230.61,96,1228
1229,1986-05-16,4948.51,217,1229
1230,2005-04-24,11902.3,426,1230
1231,2002-06-13,-30081.93,218,1231
1232,1999-09-17,-12942.3,2,1232
1233,2003-08-21,19712.72,457,1233
1234,1975-10-21,-18059.17,263,1234
1235,1977-02-25,28204.7,250,1235
1236,2007-05-15,-20438.29,500,1236
1237,2011-02-28,26914.17,50,1237
1238,2013-03-02,13732.92,37,1238
1239,1981-03-23,-3160.96,204,1239
1240,1975-06-26,-4168.87,483,1240
1241,2005-09-04,29257.8,470,1241
1242,1974-04-01,-22560.5,182,1242
1243,1992-12-22,-6926.6,333,1243
1244,1981-07-28,-32459.32,155,1244
1245,2007-08-19,0.16,461,1245
1246,1973-12-20,2986.95,302,1246
1247,1980-10-10,-29359.24,304,1247
1248,1970-12-07,28902.45,33,1248
1249,1977-08-26,-16853.31,287,1249
1250,1992-02-08,-26729.99,325,1250
1251,2005-09-05,24080.59,457,1251
1252,2013-01-25,20621.17,211,1252
1253,1977-08-06,-23946.6,463,1253
1254,1990-04-10,-18031.79,86,1254
1255,2009-07-16,6355.78,273,1255
1256,1979-07-23,12330.67,85,1256
1257,1985-03-27,31898.11,178,1257
1258,1997-04-03,-7012.7,132,1258
1259,2005-12-16,25352.86,421,1259
1260,1971-12-06,21743.94,71,1260
1261,2008-05-03,-9455.26,167,1261
1262,1970-05-16,31860.56,365,1262
1263,2003-05-27,-26117.2,269,1263
1264,2016-12-26,-9052.63,186,1264
1265,1973-02-21,-14561.94,128,1265
1266,1998-10-10,20598.34,154,1266
1267,1995-04-09,-26242.77,175,1267
1268,1990-05-01,-6668.99,275,1268
1269,2007-01-22,-14963.27,148,1269
1270,1989-02-20,32350.12,138,1270
1271,2001-03-16,-32760.26,23,1271
1272,2010-12-15,18116.74,166,1272
1273,1975-04-12,11722.87,170,1273
1274,1974-11-22,9189.46,70,1274
1275,1987-12-11,25916.38,81,1275
1276,1978-04-11,-25022.42,375,1276
1277,2000-10-05,-14062.5,334,1277
1278,1969-01-24,8310.37,396,1278
1279,2002-02-01,25176.47,81,1279
1280,2005-12-22,31538.76,398,1280
1281,1969-11-25,-20165.45,242,1281
1282,1991-01-11,-92.52,301,1282
1283,1985-10-17,7081.34,467,1283
1284,2011-08-06,26406.3,80,1284
1285,2013-12-02,-11085.3,132,1285
1286,1994-10-22,-5162.55,337,1286
1287,2010-07-25,17983.79,434,1287
1288,2004-04-18,21367.98,272,1288
1289,1985-02-20,14105.48,370,1289
1290,1982-10-25,16492.7,29,1290
1291,1974-05-05,-21873.68,465,1291
1292,1976-08-23,13353.68,51,1292
1293,1984-12-01,13326.83,473,1293
1294,2008-12-06,-20876.64,28,1294
1295,1970-08-08,22975.52,111,1295
1296,2001-03-09,-29163.85,379,1296
1297,1998-11-15,25951.77,17,1297
1298,1998-10-09,-24583.65,31,1298
1299,2006-01-24,-3309.87,298,1299
1300,1981-02-03,-1774.44,407,1300
1301,1981-09-06,-23750.84,97,1301
1302,1986-10-13,-4304.73,240,1302
1303,1996-10-06,-18269.68,380,1303
1304,1980-03-05,-30184.35,99,1304
1305,1997-09-15,-18181.13,199,1305
1306,2008-05-11,-15877.55,246,1306
1307,1983-10-09,-23213.9,386,1307
1308,2015-06-20,-18275.62,241,1308
1309,2015-02-25,21405.32,91,1309
1310,2012-12-02,-21457.3,33,1310
1311,1982-01-12,3474.95,154,1311
1312,2011-04-19,31052.51,361,1312
1313,1996-01-20,-5070.63,252,1313
1314,2003-04-20,-28065.23,221,1314
1315,2002-09-25,-13556.93,438,1315
1316,1971-02-08,-3256.16,160,1316
1317,2003-11-23,-27855.25,366,1317
1318,1989-12-19,-32651.75,156,1318
1319,1969-10-11,9803.43,421,1319
1320,2001-07-28,7673.79,466,1320
1321,2001-07-07,31054.64,370,1321
1322,2013-06-19,6139.98,487,1322
1323,2012-04-02,32569.28,257,1323
1324,1969-10-07,-13025.23,117,1324
1325,1992-05-13,30251.7,283,1325
1326,1981-01-11,-1440.35,418,1326
1327,1979-06-06,-32360.53,181,1327
1328,2000-05-19,-11094.84,461,1328
1329,2002-04-11,5744.65,142,1329
1330,1970-03-17,28054.97,270,1330
1331,2002-09-06,27046.1,132,1331
1332,1997-10-23,-23.8,446,1332
1333,1988-01-17,23189.92,192,1333
1334,1971-09-20,-7636.7,80,1334
1335,1995-06-14,15678.24,355,1335
1336,2003-08-06,15309.7,344,1336
1337,2014-07-21,-18162.9,205,1337
1338,1978-10-04,10201.76,27,1338
1339,1982-04-19,-8346.8,459,1339
1340,1987-01-17,-23125.22,85,1340
1341,1979-01-23,-5509.96,216,1341
1342,1980-04-08,-3987.62,26,1342
1343,1986-01-02,23575.92,395,1343
1344,1974-10-26,31308.22,360,1344
1345,2008-10-05,16102.25,174,1345
1346,2014-05-22,-6800.15,38,1346
1347,1977-11-27,-19496.32,396,1347
1348,2011-02-11,-3293.13,336,1348
1349,2008-09-15,-30343.62,343,1349
1350,1995-10-09,2920.64,402,1350
1351,1974-06-19,3503.86,205,1351
1352,2009-12-23,28615.54,403,1352
1353,1998-01-07,30257.27,88,1353
1354,1983-05-24,-21866.29,481,1354
1355,1988-04-15,24472.1,441,1355
1356,1993-03-18,7602.47,353,1356
1357,1995-06-04,13500.7,381,1357
1358,1987-08-11,5254.5,315,1358
1359,1994-01-23,30135.4,250,1359
1360,1980-03-26,24755.7,199,1360
1361,2010-04-19,-25614.56,2,1361
1362,1991-09-08,-21883.92,444,1362
1363,1972-04-03,14563.79,409,1363
1364,1981-08-24,13085.68,181,1364
1365,2007-03-13,21078.61,60,1365
1366,1994-12-23,31297.29,205,1366
1367,1990-05-20,12372.83,239,1367
1368,2007-06-12,-14986.35,276,1368
1369,2006-03-07,-2697.56,89,1369
1370,2002-06-20,-18105.89,84,1370
1371,1968-07-06,-4154.52,37,1371
1372,1997-03-13,-2346.33,475,1372
1373,1994-06-19,-20510.38,221,1373
1374,1969-07-07,-24980.12,426,1374
1375,1985-09-08,10654.41,279,1375
1376,2016-04-12,-4428.66,492,1376
1377,2011-07-04,20998.61,114,1377
1378,1976-10-22,-21889.6,174,1378
1379,2015-01-20,-14206.47,389,1379
1380,2014-04-23,30506.26,300,1380
1381,1973-05-04,12527.95,374,1381
1382,1975-12-19,-24219.2,276,1382
1383,2005-05-25,-17699.36,327,1383
1384,2009-09-17,-11514.64,135,1384
1385,2015-09-13,13498.24,379,1385
1386,2017-08-21,4113.49,451,1386
1387,2014-09-22,-10694.85,382,1387
1388,1996-05-21,-1330.5,78,1388
1389,1994-08-21,-19770.8,311,1389
1390,2003-08-05,7704.9,348,1390
1391,1981-12-08,21860.31,35,1391
1392,1972-07-19,-10010.21,251,1392
1393,2005-12-01,-14895.13,45,1393
1394,2000-07-03,22542.4,52,1394
1395,1999-10-19,27358.17,456,1395
1396,2002-01-06,4504.78,136,1396
1397,2002-11-25,30338.4,395,1397
1398,2005-02-06,-7919.13,207,1398
1399,1985-01-28,-25429.5,392,1399
1400,1991-09-22,-6200.19,426,1400
1401,2005-01-16,-17090.22,429,1401
1402,1996-09-04,25598.41,321,1402
1403,2001-08-06,-14021.1,112,1403
1404,1974-02-16,1659.8,214,1404
1405,1976-11-06,-27359.5,486,1405
1406,1975-03-02,31660.42,365,1406
1407,1968-09-14,17888.96,458,1407
1408,2001-02-03,21858.9,436,1408
1409,1977-04-23,-8998.88,397,1409
1410,2003-04-19,-20684.42,208,1410
1411,2010-01-28,-300.31,416,1411
1412,2015-09-25,-7994.97,212,1412
1413,1996-04-02,-6269.12,67,1413
1414,1997-02-06,17402.85,28,1414
1415,1988-09-17,-2400.5,2,1415
1416,2007-12-28,-15785.8,370,1416
1417,2013-10-15,-4064.4,82,1417
1418,1989-05-26,17225.4,461,1418
1419,1998-11-05,-17660.96,4,1419
1420,2017-03-10,15865.72,350,1420
1421,1976-10-16,-12572.67,21,1421
1422,1974-11-25,-26156.66,420,1422
1423,1997-11-05,-10024.8,123,1423
1424,1977-03-15,-6052.8,355,1424
1425,1971-03-05,22731.14,166,1425
1426,1973-11-24,6567.74,254,1426
1427,1992-11-25,-9167.75,321,1427
1428,2002-08-08,-20769.97,374,1428
1429,1973-10-17,3472.48,220,1429
1430,1968-05-14,-10423.81,454,1430
1431,1997-12-26,3323.43,119,1431
1432,2014-06-11,-32495.37,375,1432
1433,1976-08-08,-29844.66,22,1433
1434,1992-06-07,11518.53,303,1434
1435,1985-01-23,21875.38,271,1435
1436,2001-01-10,18655.97,112,1436
1437,1998-04-08,-24897.18,259,1437
1438,2009-02-11,13235.2,55,1438
1439,1980-01-20,29844.28,262,1439
1440,1970-10-25,-24998.63,30,1440
1441,1983-04-28,-23614.89,259,1441
1442,1997-07-26,8905.4,416,1442
1443,1988-01-11,26477.1,110,1443
1444,2013-04-11,-7331.84,199,1444
1445,1979-05-07,15786.72,362,1445
1446,2007-03-17,10847.96,217,1446
1447,2011-04-02,2846.21,123,1447
1448,1994-12-03,3565.82,167,1448
1449,2000-05-16,-13981.7,219,1449
1450,1974-08-02,-20072.51,76,1450
1451,1977-06-06,-19569.12,450,1451
1452,1985-05-14,24736.5,191,1452
1453,1997-04-05,26076.72,23,1453
1454,1994-03-20,-21660.92,15,1454
1455,2013-06-18,26810.13,47,1455
1456,1969-11-20,-20329.96,140,1456
1457,1994-02-21,21468.36,247,1457
1458,2017-03-07,-8862.94,175,1458
1459,2007-07-02,-15341.14,77,1459
1460,1992-01-20,-27472.5,125,1460
1461,2006-08-02,-29178.23,427,1461
1462,1997-03-15,22639.1,431,1462
1463,2017-09-21,-22526.64,364,1463
1464,2006-04-09,7366.97,163,1464
1465,2011-12-08,30969.68,417,1465
1466,2006-02-10,-13075.13,21,1466
1467,1988-08-09,24957.24,286,1467
1468,2005-09-11,2799.59,479,1468
1469,1968-10-03,17084.41,48,1469
1470,2011-10-10,-897.61,485,1470
1471,1997-04-18,28018.53,120,1471
1472,1984-02-08,21809.11,192,1472
1473,1978-04-15,31557.94,189,1473
1474,1986-03-06,17873.15,235,1474
1475,2001-11-13,23670.9,287,1475
1476,2005-05-11,19197.86,395,1476
1477,1977-09-13,17646.43,335,1477
1478,1987-12-17,9377.41,412,1478
1479,2008-01-06,28435.92,185,1479
1480,2006-02-05,-3549.78,208,1480
1481,1993-01-16,-11239.19,293,1481
1482,1994-11-17,29896.46,251,1482
1483,1996-10-11,3934.38,425,1483
1484,2005-08-02,-18879.35,202,1484
1485,2015-08-21,-1264.1,394,1485
1486,2004-09-06,30015.14,393,1486
1487,1992-12-27,3026.4,407,1487
1488,1968-09-24,28544.44,354,1488
1489,1984-01-03,4952.6,115,1489
1490,1987-12-23,24396.71,365,1490
1491,2010-10-26,16240.88,124,1491
1492,1999-09-25,-7612.11,423,1492
1493,1990-04-03,4662.1,472,1493
1494,2006-09-12,4848.64,129,1494
1495,1968-11-15,-25364.31,210,1495
1496,2007-07-15,-9173.72,145,1496
1497,1982-06-19,31975.73,340,1497
1498,2017-05-28,-27539.81,163,1498
1499,1972-04-07,1050.56,26,1499
1500,1968-05-03,-19266.22,96,1500
1501,1980-08-05,13000.9,266,1501
1502,1975-11-24,-2287.74,186,1502
1503,1972-04-11,-23602.72,375,1503
1504,1982-02-26,-21274.28,463,1504
1505,2012-03-26,-21045.31,121,1505
1506,1987-07-24,-6202.93,64,1506
1507,1995-01-13,-1665.89,89,1507
1508,2007-09-19,18913.84,470,1508
1509,2016-04-27,-26305.71,322,1509
1510,1979-09-02,27032.74,295,1510
1511,1969-11-19,-19961.1,361,1511
1512,1988-01-20,12690.13,23,1512
1513,1992-07-20,18103.2,256,1513
1514,1970-01-13,23999.49,371,1514
1515,2016-07-17,4346.78,424,1515
1516,1972-07-16,-6637.38,379,1516
1517,1980-03-03,15314.74,308,1517
1518,1996-05-03,30700.3,127,1518
1519,2010-04-19,30249.43,50,1519
1520,1994-07-22,-7426.8,328,1520
1521,1998-07-07,-21305.45,314,1521
1522,1971-06-21,8199.79,3,1522
1523,1982-04-13,-28304.91,81,1523
1524,2000-06-28,27134.31,273,1524
1525,2002-11-13,-28861.27,143,1525
1526,1987-03-05,-24850.26,121,1526
1527,2014-08-14,-16631.1,418,1527
1528,1980-07-01,-18997.61,31,1528
1529,2016-02-05,-343.77,201,1529
1530,2007-03-26,12248.17,77,1530
1531,1989-04-10,6787.86,79,1531
1532,2013-01-02,19569.87,15,1532
1533,1999-08-17,-26845.31,387,1533
1534,1973-03-13,-1491.87,39,1534
1535,1985-09-21,-24717.35,41,1535
1536,1988-04-10,-634.66,3,1536
1537,1987-06-11,-1796.49,441,1537
1538,2008-04-12,23645.96,428,1538
1539,2016-02-20,-16325.68,151,1539
1540,1993-07-05,-31975.32,261,1540
1541,2004-05-26,-28571.33,63,1541
1542,1998-06-03,21531.72,61,1542
1543,1968-12-14,13447.51,231,1543
1544,2006-01-07,-28963.2,301,1544
1545,2017-07-23,12805.96,276,1545
1546,1972-05-03,-5287.23,14,1546
1547,1973-10-19,-2173,164,1547
1548,2003-02-26,13762.38,258,1548
1549,1988-04-27,-19448.91,310,1549
1550,1976-06-17,-12413.93,368,1550
1551,1987-03-07,-374.8,393,1551
1552,1995-12-09,-262.36,319,1552
1553,1984-04-07,-9077,104,1553
1554,1974-05-20,-6440.92,30,1554
1555,2008-01-23,15750.9,93,1555
1556,2016-10-23,5549.7,147,1556
1557,1972-04-02,9223.89,328,1557
1558,2004-01-20,-28590.66,486,1558
1559,1986-03-19,30815.16,351,1559
1560,1994-05-23,-18942.24,415,1560
1561,2012-11-27,-23361.67,158,1561
1562,1984-12-28,-15672.2,40,1562
1563,1977-02-14,-13806.99,324,1563
1564,2003-05-08,-5396.29,487,1564
1565,1974-11-24,-12402.26,452,1565
1566,2013-01-24,-24582.26,431,1566
1567,1982-09-06,-3642.71,6,1567
1568,1973-02-11,3689.3,128,1568
1569,1993-08-21,5035.56,283,1569
1570,1981-06-25,14483.89,349,1570
1571,1999-06-26,5754.72,395,1571
1572,1980-03-04,2982.1,144,1572
1573,2006-08-17,16371.24,94,1573
1574,1984-07-28,-25348.67,247,1574
1575,1988-07-11,-9077.35,478,1575
1576,2016-07-06,-18601.18,45,1576
1577,2011-12-17,-27849.1,5,1577
1578,1971-04-18,2263.7,154,1578
1579,1981-09-19,24863.5,457,1579
1580,2009-02-11,-17880.36,110,1580
1581,2010-05-02,2778.34,473,1581
1582,2000-05-11,5833.75,277,1582
1583,2006-06-07,31601.86,259,1583
1584,1978-01-11,-18597.73,400,1584
1585,1974-09-01,-26629.72,425,1585
1586,1996-08-21,25352.59,248,1586
1587,2011-06-19,21641,364,1587
1588,2008-01-23,-10850.77,325,1588
1589,1998-08-20,-22156.46,479,1589
1590,2000-06-23,-3994.74,188,1590
1591,2003-08-05,-1026.12,50,1591
1592,1997-04-25,24903.18,50,1592
1593,1970-02-24,13212.24,89,1593
1594,1994-03-17,13581.91,291,1594
1595,1981-09-15,7061.77,202,1595
1596,1977-10-09,28610.4,38,1596
1597,1979-03-05,26880.51,370,1597
1598,1999-08-06,-8545.72,98,1598
1599,1983-05-19,27889.64,299,1599
1600,2010-08-19,9726.49,202,1600
1601,2007-06-17,-17953.15,197,1601
1602,1996-05-28,-14130,477,1602
1603,2009-09-11,-19673.2,38,1603
1604,1976-10-19,-25014.68,498,1604
1605,2007-02-28,19522.38,319,1605
1606,2016-07-14,14634.38,171,1606
1607,1976-12-21,-3964.71,498,1607
1608,1998-09-13,-14396,417,1608
1609,1982-06-15,18938.8,8,1609
1610,2000-10-27,3495.24,263,1610
1611,2002-05-03,-14873.59,298,1611
1612,1974-02-03,-14021.75,213,1612
1613,1984-10-11,-25074.47,3,1613
1614,2006-07-23,18088.35,129,1614
1615,1978-09-03,9683.49,185,1615
1616,1970-01-07,-9463.26,261,1616
1617,2005-06-28,-22752.2,238,1617
1618,1989-01-28,31229.96,152,1618
1619,2017-05-18,4049.5,317,1619
1620,1977-10-20,-30133.95,482,1620
1621,1982-02-06,18116.66,417,1621
1622,1997-08-14,13744.59,163,1622
1623,2001-11-02,-21146.12,230,1623
1624,1986-09-07,-21033.58,468,1624
1625,1992-03-16,-1890.83,49,1625
1626,2013-10-01,-7342.2,195,1626
1627,2008-01-21,-17584.5,104,1627
1628,1996-03-26,-27411.85,426,1628
1629,2002-04-24,1535.5,379,1629
1630,2003-05-14,30650.97,52,1630
1631,1987-09-28,-30827.75,356,1631
1632,2014-12-17,31826.7,244,1632
1633,1993-12-10,16480.47,482,1633
1634,1999-01-08,18068.65,156,1634
1635,1973-07-19,-22808.99,247,1635
1636,2008-03-12,11953.59,405,1636
1637,1977-11-07,-7424.47,171,1637
1638,1983-11-01,7525.91,460,1638
1639,1985-11-02,-24915.9,257,1639
1640,1977-06-04,17395.76,195,1640
1641,1994-10-04,28817.65,99,1641
1642,1996-06-01,-23150.26,167,1642
1643,1970-07-12,-26274.63,47,1643
1644,2001-02-17,14625.11,77,1644
1645,1970-12-14,-20151.17,174,1645
1646,2014-06-09,32754.19,440,1646
1647,1974-08-23,-13906.17,42,1647
1648,2009-08-17,-19219.96,18,1648
1649,2000-07-17,-512.61,145,1649
1650,1971-02-16,-15969.55,203,1650
1651,1984-08-12,-32662.45,472,1651
1652,2000-01-02,2365.25,140,1652
1653,1980-03-25,-18214.91,24,1653
1654,1970-09-14,31430.49,464,1654
1655,2006-12-04,-18142.47,444,1655
1656,1972-11-05,-25276.24,161,1656
1657,1971-01-16,10121.5,309,1657
1658,2015-07-01,23923.61,347,1658
1659,1977-06-08,-24181.64,251,1659
1660,1979-08-05,-22945.79,148,1660
1661,1989-10-13,-3815.61,17,1661
1662,1993-12-13,-13547.53,350,1662
1663,1988-01-20,-8287.82,56,1663
1664,1978-04-01,-18556.42,163,1664
1665,1981-09-08,-30814.31,350,1665
1666,2012-02-26,14608.88,156,1666
1667,1979-04-09,25970.95,55,1667
1668,2015-06-14,26156.9,215,1668
1669,1973-02-11,-20133.96,252,1669
1670,1993-12-28,31373.12,18,1670
1671,2017-08-20,-30130.22,196,1671
1672,1981-07-12,-29671.6,476,1672
1673,1999-08-12,-23431.46,43,1673
1674,2004-02-18,-2694.84,428,1674
1675,2005-01-14,-28146.46,18,1675
1676,1991-10-03,16773.49,415,1676
1677,1978-07-08,-25248.69,320,1677
1678,1976-02-03,9855.89,306,1678
1679,1974-04-26,22185.94,111,1679
1680,1986-11-21,-29713.9,69,1680
1681,1983-10-02,-17243.3,271,1681
1682,1991-04-13,29835.91,251,1682
1683,1982-05-09,26641.4,302,1683
1684,1976-10-26,-14994.74,249,1684
1685,2015-07-04,15915.3,17,1685
1686,2012-10-26,-7094.27,150,1686
1687,1979-11-08,14215.25,420,1687
1688,1986-06-27,-23831.57,169,1688
1689,2015-12-11,14602.74,395,1689
1690,2008-03-17,17588.44,3,1690
1691,2000-12-15,18974.68,118,1691
1692,1971-10-03,-20993.1,472,1692
1693,2000-12-17,7984.99,455,1693
1694,1973-08-26,20170.16,395,1694
1695,1974-10-16,-18566.15,347,1695
1696,1980-11-15,-17813.81,183,1696
1697,1974-10-07,14357.36,265,1697
1698,1977-03-17,-17661.76,179,1698
1699,1993-04-11,-20508.27,481,1699
1700,1976-04-21,16322.34,17,1700
1701,1988-12-19,-4521.73,427,1701
1702,1986-11-12,24442.78,366,1702
1703,1968-07-08,-7506.95,366,1703
1704,1995-06-27,-21551.47,280,1704
1705,1996-04-07,22993.76,53,1705
1706,1978-08-10,-7494.9,497,1706
1707,2017-01-25,2882.6,80,1707
1708,1981-07-12,-2184.64,246,1708
1709,2007-10-16,-17190.2,415,1709
1710,2013-01-10,16935.66,172,1710
1711,2010-11-14,-9357.32,80,1711
1712,1987-04-03,23819.59,268,1712
1713,2002-10-06,-20714.77,153,1713
1714,1997-10-21,17618.65,114,1714
1715,1989-10-13,16762.43,107,1715
1716,1995-10-10,-9038.62,498,1716
1717,2002-05-11,9804.9,481,1717
1718,1992-03-07,31062.95,397,1718
1719,2001-12-06,28492.74,61,1719
1720,2005-02-26,3922.56,419,1720
1721,1988-05-21,-13533.97,242,1721
1722,1999-05-09,969.98,79,1722
1723,2003-07-03,-7395.31,206,1723
1724,1985-04-09,11982.15,97,1724
1725,1970-06-19,-26193.38,196,1725
1726,1976-03-02,-24369.13,100,1726
1727,2014-10-13,18582.8,123,1727
1728,2009-06-15,12981.76,184,1728
1729,1994-10-04,-7547.89,406,1729
1730,2017-01-18,1205.6,388,1730
1731,1978-03-23,11088.43,266,1731
1732,1974-11-01,14089.91,135,1732
1733,1985-12-19,-10883.69,429,1733
1734,1998-03-04,32517.85,31,1734
1735,1997-09-26,-7402.94,221,1735
1736,2014-06-18,-29924.1,479,1736
1737,1978-12-14,-3690.14,323,1737
1738,1977-09-19,30214.87,23,1738
1739,2010-10-16,-11721.5,364,1739
1740,1984-04-28,2756.16,292,1740
1741,2009-10-14,10689.93,226,1741
1742,1989-05-24,-32451.18,453,1742
1743,1988-06-01,12728.63,44,1743
1744,1968-06-15,18198.62,253,1744
1745,1971-05-10,-12965.4,309,1745
1746,2002-10-01,-15248.37,232,1746
1747,1983-01-15,14343.46,406,1747
1748,1970-12-12,8454.21,347,1748
1749,1969-01-23,-3582.17,26,1749
1750,2015-07-25,6272.75,354,1750
1751,1971-03-18,11493.2,376,1751
1752,2005-04-08,19334.85,228,1752
1753,1988-04-22,26617.6,270,1753
1754,1976-07-07,-12298.77,188,1754
1755,1973-03-20,8186.64,39,1755
1756,2000-06-09,3741.5,33,1756
1757,1968-01-11,-10180.6,42,1757
1758,1986-03-25,-9207.25,223,1758
1759,2001-11-13,27721.39,182,1759
1760,1991-07-05,-21235.12,398,1760
1761,2000-02-02,-6792.7,135,1761
1762,1986-12-25,30351.26,72,1762
1763,2005-09-26,-15685.27,281,1763
1764,2005-02-22,2969.19,396,1764
1765,1980-03-08,-29100.85,320,1765
1766,1969-07-01,-12292.81,353,1766
1767,1987-08-26,-11570.73,357,1767
1768,1970-11-26,27165.75,297,1768
1769,2003-11-24,28745.33,498,1769
1770,1985-05-06,-23582,117,1770
1771,1970-11-21,-30911.38,56,1771
1772,2003-06-03,-2254.41,275,1772
1773,2004-10-02,25577.21,121,1773
1774,1989-12-25,11305.4,449,1774
1775,1988-02-12,993.7,239,1775
1776,1997-06-13,-30541.97,82,1776
1777,1973-12-16,17540.31,477,1777
1778,1988-10-16,18716.7,276,1778
1779,1981-08-05,11250.29,48,1779
1780,2008-04-26,21845.59,259,1780
1781,1970-01-07,-6076.55,170,1781
1782,1985-08-27,-8715.76,52,1782
1783,2011-05-28,-8970.2,316,1783
1784,1994-07-18,-26571.68,496,1784
1785,1968-12-03,-29528.58,347,1785
1786,2010-03-14,-17103.63,405,1786
1787,2005-09-02,20637.1,164,1787
1788,2010-09-21,21513.4,486,1788
1789,1984-09-06,-15103.72,392,1789
1790,1968-09-10,32500.21,34,1790
1791,2009-07-24,29526.3,464,1791
1792,1997-09-09,28007.63,444,1792
1793,1988-05-02,30006.66,27,1793
1794,1972-04-13,-31971.52,482,1794
1795,2007-06-15,52.27,315,1795
1796,1984-02-16,-16651.3,98,1796
1797,1992-09-09,-21404.96,266,1797
1798,2000-06-23,27984.33,485,1798
1799,2002-09-23,31459.27,279,1799
1800,1991-10-21,-19443.47,345,1800
1801,2017-07-06,-19045.4,171,1801
1802,1994-08-05,-31463.5,479,1802
1803,1991-06-22,-17244.33,64,1803
1804,2013-08-21,1856.52,425,1804
1805,1982-07-17,-21269.43,299,1805
1806,1976-12-01,-15922.2,469,1806
1807,2010-10-06,5312.6,274,1807
1808,1976-02-09,14021.39,168,1808
1809,2017-02-03,13950.27,107,1809
1810,2014-08-24,16846.75,78,1810
1811,1984-02-09,-12658.72,368,1811
1812,2002-03-22,9680.65,132,1812
1813,1990-06-11,31228.82,456,1813
1814,1971-12-02,25295.58,31,1814
1815,2009-04-27,30836.12,170,1815
1816,1999-11-17,-15928.26,279,1816
1817,2017-06-19,19440.1,57,1817
1818,1988-03-20,6512.81,430,1818
1819,1996-11-08,24579.15,154,1819
1820,1990-08-12,9640.57,437,1820
1821,1994-01-19,-2939.8,282,1821
1822,1987-09-25,30208.18,381,1822
1823,1989-08-24,4470.47,14,1823
1824,1969-05-19,-19754.72,259,1824
1825,1970-08-06,-18300.97,411,1825
1826,2010-09-19,-24073.4,298,1826
1827,2014-07-20,-8788.23,484,1827
1828,2001-09-11,-7927.53,307,1828
1829,1979-01-22,-20683.15,226,1829
1830,1992-05-09,-21954.3,389,1830
1831,2001-01-27,-9908.4,131,1831
1832,2009-02-01,13950.25,320,1832
1833,1986-04-11,15287.17,417,1833
1834,1984-10-24,25015.58,114,1834
1835,2011-06-28,-6361.13,89,1835
1836,2001-02-15,20146.4,436,1836
1837,2007-09-22,-27838.86,330,1837
1838,1983-10-11,-19639.42,132,1838
1839,1992-05-01,21006.38,201,1839
1840,2006-05-19,21145.27,42,1840
1841,1974-11-07,3213.19,333,1841
1842,2010-10-05,-24062.49,166,1842
1843,2001-07-28,4288.23,227,1843
1844,1989-08-15,-15378.71,168,1844
1845,1989-07-23,32568.15,295,1845
1846,2006-04-25,19364.37,411,1846
1847,2013-02-25,18394.57,205,1847
1848,1990-05-11,-11494.38,449,1848
1849,2012-05-03,-15034.7,468,1849
1850,2010-12-18,-30021.9,160,1850
1851,1996-02-04,-13157.18,104,1851
1852,1969-03-25,28178.34,298,1852
1853,2009-02-22,-6319.77,8,1853
1854,1974-03-20,-13043.59,190,1854
1855,1988-05-04,-28256.25,355,1855
1856,1992-05-12,16724.36,203,1856
1857,1999-07-12,-32593.21,257,1857
1858,2004-06-14,-17497.5,128,1858
1859,1984-06-07,-1501.95,195,1859
1860,1971-02-24,12532.59,60,1860
1861,1981-07-04,-32177.33,295,1861
1862,1981-12-23,-11312.8,308,1862
1863,2003-02-08,17757.39,464,1863
1864,1994-03-20,-18901.37,307,1864
1865,1977-08-03,-14135.88,27,1865
1866,2015-02-23,999.22,76,1866
1867,1968-07-15,14446.4,158,1867
1868,1990-04-11,27579.78,8,1868
1869,2008-11-14,14941.24,41,1869
1870,1971-05-19,-5006.73,102,1870
1871,1986-05-23,7554.7,212,1871
1872,2005-03-16,-7135.22,358,1872
1873,1975-09-25,-7847.6,269,1873
1874,2000-12-08,-14852.32,229,1874
1875,1984-03-18,17938.58,44,1875
1876,1997-03-21,1457.19,4,1876
1877,1991-10-28,-1510.48,433,1877
1878,1976-08-21,29026.12,321,1878
1879,1995-01-20,8180.5,258,1879
1880,2008-08-26,5612.13,301,1880
1881,1978-10-06,-23726.94,329,1881
1882,2014-05-23,-31655.56,186,1882
1883,2005-11-12,25594.63,367,1883
1884,2016-11-02,-23520.66,57,1884
1885,1997-07-20,30229.88,2,1885
1886,2006-11-20,933.38,399,1886
1887,2012-01-15,-9676.88,80,1887
1888,1971-04-26,7420.17,488,1888
1889,1997-05-20,24238.85,290,1889
1890,1972-12-27,15915.48,241,1890
1891,2001-08-26,16647.87,309,1891
1892,2000-01-17,18075.96,397,1892
1893,1977-01-10,-709.47,135,1893
1894,2000-11-02,-22388.43,59,1894
1895,2008-02-15,24471.74,239,1895
1896,2011-02-16,10768.4,275,1896
1897,1998-12-14,-989.59,243,1897
1898,1977-05-05,14543.27,460,1898
1899,1989-01-18,5457.69,217,1899
1900,2012-03-26,12020.45,115,1900
1901,2000-01-15,22887.98,432,1901
1902,1986-03-14,-29329.67,392,1902
1903,1974-01-05,-19669.2,101,1903
1904,1984-05-10,-26543.18,350,1904
1905,2015-01-20,-6341.9,249,1905
1906,1979-08-17,-22072.73,114,1906
1907,1968-06-26,418.25,460,1907
1908,1991-08-15,-13381.67,84,1908
1909,2013-03-21,-127.81,445,1909
1910,1996-04-06,3297.73,4,1910
1911,1979-03-04,-891.81,377,1911
1912,2008-04-01,24419.53,216,1912
1913,2002-05-20,8900.25,102,1913
1914,2014-09-03,13804.41,260,1914
1915,1985-08-17,16122.22,354,1915
1916,1976-03-02,-25002.22,401,1916
1917,1990-05-16,-19235.77,28,1917
1918,2013-12-04,23022.33,256,1918
1919,2015-06-06,18291.4,225,1919
1920,1989-02-19,14139.38,410,1920
1921,1969-10-04,31627.94,450,1921
1922,2010-07-17,-15831.29,100,1922
1923,1993-02-18,7691.43,49,1923
1924,2017-07-03,29571.6,362,1924
1925,2017-04-08,7297.25,469,1925
1926,1997-06-10,-25188.99,44,1926
1927,2007-03-20,-29208.4,287,1927
1928,1981-02-27,32585.17,51,1928
1929,1987-03-17,15521.91,484,1929
1930,1980-03-18,-15304.75,211,1930
1931,1985-12-27,-22204.24,339,1931
1932,1990-06-05,11509.1,391,1932
1933,1972-08-12,-31575.58,32,1933
1934,2007-10-12,28054.11,289,1934
1935,2011-05-15,-10685.64,111,1935
1936,1978-06-27,-3874.35,411,1936
1937,2013-06-08,31455.4,52,1937
1938,1968-05-27,5874.16,401,1938
1939,1995-04-22,-10152.64,175,1939
1940,1979-04-23,15719.14,51,1940
1941,1985-03-03,-30074.21,471,1941
1942,1996-03-27,31481.58,213,1942
1943,2013-02-19,26918.51,213,1943
1944,1975-06-27,-29539.24,426,1944
1945,1997-01-21,-20979.7,236,1945
1946,2012-03-08,-4462.51,99,1946
1947,2006-07-19,17822.35,234,1947
1948,2017-03-13,13831.52,488,1948
1949,1995-11-14,21330.15,414,1949
1950,1972-07-14,-19366.78,355,1950
1951,2010-07-21,22283.93,233,1951
1952,1985-08-01,27432.51,153,1952
1953,1979-07-18,-16352.7,126,1953
1954,1987-07-09,6581.8,366,1954
1955,1970-10-26,-6944.76,92,1955
1956,2009-03-23,-3909.56,467,1956
1957,2001-07-07,-7003.78,389,1957
1958,1970-08-26,31706.52,134,1958
1959,1987-03-26,-28059.41,349,1959
1960,2017-07-27,30101.8,41,1960
1961,2009-06-11,-20602.7,190,1961
1962,2014-08-03,-11304.3,11,1962
1963,1970-08-04,22502.93,54,1963
1964,2005-01-06,15957.5,318,1964
1965,1998-12-06,26020,467,1965
1966,1973-03-04,-11383.51,357,1966
1967,2002-05-17,-29172.3,120,1967
1968,2013-10-17,-28496.87,53,1968
1969,2004-10-06,-6380.2,174,1969
1970,1975-02-18,-17547.81,62,1970
1971,1971-05-16,20571.88,144,1971
1972,1994-06-20,-23215.5,287,1972
1973,1980-06-12,-32593.49,55,1973
1974,1992-07-04,-15490.28,47,1974
1975,1987-04-28,-15277.1,94,1975
1976,1980-01-26,16387.22,319,1976
1977,2004-02-02,-820.65,92,1977
1978,1987-05-27,-24451.88,310,1978
1979,2002-02-21,11548.38,163,1979
1980,2012-03-19,21392.15,244,1980
1981,1986-06-07,24090.14,320,1981
1982,1974-12-22,4773.26,70,1982
1983,2007-12-19,19535.23,421,1983
1984,2005-01-02,6108.69,56,1984
1985,1971-08-26,-27044.45,420,1985
1986,1983-04-10,3101.69,90,1986
1987,1986-02-21,27262.56,173,1987
1988,2017-05-23,-13689.35,227,1988
1989,1968-12-10,25548.59,319,1989
1990,1981-06-19,-30381.17,86,1990
1991,1980-04-18,-14037.77,340,1991
1992,1985-06-07,15631.37,79,1992
1993,1975-12-20,-609.84,481,1993
1994,2017-12-16,-3401.83,431,1994
1995,1981-09-22,10247.97,450,1995
1996,2010-09-23,32684.77,270,1996
1997,2002-08-15,-29125.19,234,1997
1998,1998-10-19,31499.81,277,1998
1999,1994-05-23,22322.26,380,1999
2000,2007-06-22,-26960.2,372,2000
